SampleID,TaxaID,N_Taxa
2013064,Micropsectra,163
2013064,Rheotanytarsus exiguus,32
2013064,Rheotanytarsus pellucidus,18
2013064,Stempellinella,18
2013064,Tanytarsus,285
2014062,Micropsectra,168
2014062,Micropsectra/Tanytarsus,3
2014062,Rheotanytarsus pellucidus,10
2014062,Stempellinella,1
2014062,Tanytarsini,1
2014062,Tanytarsus,43
2015066,Micropsectra,884
2015066,Rheotanytarsus pellucidus,1
2015066,Stempellinella,1
2016041,Micropsectra,400
2016041,Rheotanytarsus exiguus,1
2016041,Tanytarsus,20
2014063,Rheotanytarsus exiguus,1
2014063,Stempellinella,1
2014063,Tanytarsus,12
2015065,Rheotanytarsus,1
2015065,Rheotanytarsus pellucidus,2
2015065,Stempellinella,3
2015065,Tanytarsus,10
2016040,Rheotanytarsus pellucidus,1
2016040,Tanytarsus,85
2013061,Cladotanytarsus,9
2013061,Micropsectra,173
2013061,Rheotanytarsus exiguus,50
2013061,Rheotanytarsus pellucidus,52
2013061,Tanytarsus,14
2014065,Cladotanytarsus,1
2014065,Micropsectra,11
2014065,Micropsectra/Tanytarsus,6
2014065,Rheotanytarsus,19
2014065,Rheotanytarsus exiguus,1
2014065,Rheotanytarsus pellucidus,4
2014065,Tanytarsus,2
2015067,Cladotanytarsus,175
2015067,Micropsectra,6
2015067,Rheotanytarsus,18
2015067,Rheotanytarsus exiguus,4
2015067,Rheotanytarsus pellucidus,2
2015067,Tanytarsus,16
2016042,Cladotanytarsus,13
2016042,Micropsectra,2
2016042,Rheotanytarsus,5
2016042,Rheotanytarsus exiguus,6
2016042,Rheotanytarsus pellucidus,24
2016042,Tanytarsus,18
2013065,Cladotanytarsus,1
2013065,Micropsectra,6
2013065,Rheotanytarsus exiguus,1
2013065,Rheotanytarsus pellucidus,1
2013065,Sublettea coffmani,1
2013065,Tanytarsus,15
2014061,Micropsectra,5
2014061,Micropsectra/Tanytarsus,2
2014061,Tanytarsus,2
2015063,Micropsectra,9
2015063,Micropsectra/Tanytarsus,3
2015063,Tanytarsus,5
2016038,Micropsectra,3
2016038,Sublettea coffmani,1
2016038,Tanytarsini,2
2016038,Tanytarsus,23
2013063,Micropsectra,5
2013063,Rheotanytarsus exiguus,6
2013063,Stempellinella,9
2013063,Sublettea coffmani,8
2013063,Tanytarsus,2
2014064,Micropsectra,4
2014064,Micropsectra/Tanytarsus,1
2014064,Rheotanytarsus,2
2014064,Rheotanytarsus exiguus,5
2014064,Rheotanytarsus pellucidus,3
2014064,Stempellinella,4
2014064,Sublettea coffmani,1
2014064,Tanytarsini,13
2014064,Tanytarsus,15
2015064,Micropsectra,8
2015064,Micropsectra/Tanytarsus,4
2015064,Rheotanytarsus,1
2015064,Rheotanytarsus exiguus,1
2015064,Rheotanytarsus pellucidus,3
2015064,Stempellinella,2
2015064,Sublettea coffmani,5
2015064,Tanytarsus,10
2016039.A,Micropsectra,5
2016039.A,Stempellinella,12
2016039.A,Tanytarsus,75
2014063,Agnetina capitata,1
2013061,Agnetina capitata,1
2014065,Agnetina capitata,7
2015067,Agnetina capitata,4
2013065,Agnetina capitata,2
2014061,Agnetina capitata,10
2015063,Agnetina capitata,8
2016038,Agnetina capitata,1
2013064,Thienemannimyia,18
2014062,Labrundinia,1
2014062,Thienemannimyia,6
2015066,Thienemannimyia,2
2015066,Trissopelopia,5
2016041,Thienemannimyia,11
2014063,Thienemannimyia,10
2014063,Zavrelimyia,2
2015065,Thienemannimyia,3
2016040,Thienemannimyia,28
2013061,Thienemannimyia,16
2014065,Thienemannimyia,46
2015067,Thienemannimyia,5
2015067,Trissopelopia,1
2016042,Ablabesmyia,1
2016042,Thienemannimyia,57
2013065,Thienemannimyia,9
2014061,Thienemannimyia,4
2015063,Thienemannimyia,6
2016038,Thienemannimyia,14
2013063,Thienemannimyia,5
2013063,Zavrelimyia,1
2014064,Thienemannimyia,21
2015064,Thienemannimyia,3
2016039.A,Ablabesmyia,1
2016039.A,Thienemannimyia,41
2016042,Brundiniella,1
2013064,Potthastia longimana,5
2015066,Potthastia longimana,1
2013061,Diamesa,4
2013061,Pagastia,3
2014065,Diamesa,5
2014065,Potthastia longimana,1
2015067,Diamesa,3
2016042,Potthastia longimana,1
2014061,Pagastia,2
2016038,Potthastia gaedii,1
2016038,Potthastia longimana,2
2016039.A,Potthastia longimana,1
2013064,Chironomini,2
2013064,Microtendipes pedellus,2
2013064,Microtendipes rydalensis,2
2013064,Nilothauma,7
2013064,Polypedilum aviceps,87
2013064,Polypedilum tritum,2
2014062,Chironomini,2
2014062,Microtendipes pedellus,1
2014062,Microtendipes rydalensis,10
2014062,Polypedilum aviceps,3
2015066,Demicryptochironomus,1
2015066,Microtendipes pedellus,4
2015066,Nilothauma,8
2015066,Polypedilum illinoense,6
2016041,Microtendipes pedellus,14
2016041,Microtendipes rydalensis,10
2016041,Nilothauma,20
2016041,Polypedilum tritum,2
2014063,Microtendipes pedellus,20
2014063,Polypedilum,1
2014063,Polypedilum aviceps,7
2015065,Dicrotendipes,1
2015065,Microtendipes pedellus,19
2015065,Polypedilum aviceps,1
2015065,Polypedilum fallax,1
2015065,Polypedilum illinoense,1
2015065,Polypedilum tritum,1
2015065,Stenochironomus,1
2016040,Demicryptochironomus,1
2016040,Microtendipes,14
2016040,Microtendipes pedellus,20
2016040,Polypedilum aviceps,1
2016040,Polypedilum illinoense,2
2016040,Polypedilum tritum,2
2013061,Microtendipes pedellus,1
2013061,Polypedilum aviceps,34
2013061,Polypedilum illinoense,2
2013061,Polypedilum scalaenum,1
2014065,Demicryptochironomus,1
2014065,Microtendipes rydalensis,1
2014065,Polypedilum aviceps,4
2014065,Polypedilum scalaenum,2
2014065,Stenochironomus,1
2015067,Microtendipes rydalensis,9
2015067,Polypedilum halterale,1
2016042,Microtendipes rydalensis,1
2016042,Paratendipes,5
2016042,Polypedilum aviceps,5
2016042,Polypedilum halterale,2
2016042,Polypedilum illinoense,1
2016042,Polypedilum scalaenum,2
2016042,Tribelos,1
2013065,Polypedilum aviceps,45
2014061,Chironomini,3
2014061,Microtendipes rydalensis,1
2014061,Polypedilum,1
2014061,Polypedilum aviceps,67
2014061,Polypedilum tritum,7
2015063,Microtendipes pedellus,1
2015063,Polypedilum,1
2015063,Polypedilum aviceps,152
2015063,Polypedilum illinoense,6
2016038,Microtendipes pedellus,4
2016038,Microtendipes rydalensis,1
2016038,Nilothauma,1
2016038,Polypedilum aviceps,18
2013063,Microtendipes rydalensis,1
2013063,Polypedilum aviceps,33
2013063,Polypedilum tritum,1
2014064,Chironomini,2
2014064,Lauterborniella,1
2014064,Microtendipes pedellus,20
2014064,Microtendipes rydalensis,3
2014064,Polypedilum aviceps,186
2015064,Microtendipes pedellus,8
2015064,Microtendipes rydalensis,4
2015064,Polypedilum aviceps,52
2015064,Polypedilum tritum,3
2016039.A,Microtendipes,29
2016039.A,Microtendipes pedellus,63
2016039.A,Microtendipes rydalensis,25
2016039.A,Polypedilum aviceps,201
2016039.A,Polypedilum fallax,1
2013064,Tanypodinae,7
2015066,Tanypodinae,3
2016041,Tanypodinae,2
2014063,Tanypodinae,2
2015065,Tanypodinae,1
2015067,Tanypodinae,4
2013065,Tanypodinae,1
2014061,Tanypodinae,1
2014064,Tanypodinae,4
2016039.A,Tanypodinae,6
2013064,Cricotopus,2
2013064,Cricotopus/Orthocladius,4
2013064,Diplocladius,3
2013064,Nanocladius,1
2013064,Orthocladiinae,27
2013064,Orthocladius�lignicola,1
2013064,Parachaetocladius,2
2013064,Parametriocnemus,35
2013064,Rheocricotopus,1
2013064,Rheocricotopus unidentatus,1
2013064,Stilocladius,3
2013064,Tvetenia,4
2013064,Tvetenia paucunca,16
2013064,Tvetenia vitracies,2
2014062,Brillia,1
2014062,Diplocladius,1
2014062,Eukiefferiella brehmi,1
2014062,Parachaetocladius,4
2014062,Parametriocnemus,5
2014062,Stilocladius,2
2014062,Tvetenia paucunca,9
2014062,Unniella multivirga,2
2015066,Heterotrissocladius,1
2015066,Parachaetocladius,7
2015066,Parametriocnemus,1
2015066,Tvetenia paucunca,1
2016041,Cricotopus/Orthocladius,1
2016041,Nanocladius,1
2016041,Parachaetocladius,1
2016041,Parametriocnemus,5
2016041,Stilocladius,1
2014063,Corynoneura,1
2014063,Cricotopus/Orthocladius,1
2014063,Nanocladius,1
2014063,Orthocladiinae,1
2014063,Parametriocnemus,28
2014063,Rheocricotopus,1
2014063,Thienemanniella,1
2014063,Tvetenia paucunca,29
2015065,Brillia,1
2015065,Cricotopus,1
2015065,Cricotopus bicinctus,1
2015065,Eukiefferiella brehmi,1
2015065,Limnophyes,1
2015065,Nanocladius,3
2015065,Parachaetocladius,2
2015065,Parametriocnemus,3
2015065,Stilocladius,4
2015065,Tvetenia,4
2016040,Nanocladius,2
2016040,Orthocladius,2
2016040,Parachaetocladius,6
2016040,Parametriocnemus,16
2016040,Stilocladius,151
2016040,Tvetenia,4
2016040,Tvetenia paucunca,1
2013061,Corynoneura,1
2013061,Cricotopus bicinctus,1
2013061,Cricotopus/Orthocladius,5
2013061,Eukiefferiella brehmi,83
2013061,Eukiefferiella devonica,2
2013061,Nanocladius,2
2013061,Orthocladiinae,1
2013061,Parachaetocladius,1
2013061,Parametriocnemus,24
2013061,Rheocricotopus,2
2013061,Tvetenia paucunca,22
2014065,Cricotopus/Orthocladius,4
2014065,Diplocladius cultriger,1
2014065,Eukiefferiella brehmi,1178
2014065,Eukiefferiella devonica,6
2014065,Eukiefferiella gracei,21
2014065,Lopescladius,3
2014065,Nanocladius,2
2014065,Parachaetocladius,1
2014065,Parametriocnemus,1
2014065,Tvetenia paucunca,55
2015067,Cricotopus/Orthocladius,5
2015067,Eukiefferiella,12
2015067,Eukiefferiella brehmi,186
2015067,Nanocladius,9
2015067,Orthocladius,1
2015067,Parachaetocladius,1
2015067,Thienemanniella,1
2015067,Tvetenia,2
2015067,Tvetenia paucunca,7
2016042,Diplocladius,6
2016042,Eukiefferiella brehmi,12
2016042,Heleniella,1
2016042,Lopescladius,1
2016042,Nanocladius,3
2016042,Parachaetocladius,3
2016042,Parametriocnemus,4
2016042,Stilocladius,2
2016042,Tvetenia,5
2016042,Tvetenia paucunca,7
2013065,Brillia,1
2013065,Corynoneura,1
2013065,Cricotopus bicinctus,2
2013065,Cricotopus/Orthocladius,2
2013065,Eukiefferiella pseudomontana,6
2013065,Orthocladius dubitatus,1
2013065,Parametriocnemus,3
2013065,Tvetenia paucunca,6
2014061,Brillia,1
2014061,Corynoneura,5
2014061,Cricotopus tremulus,2
2014061,Cricotopus/Orthocladius,1
2014061,Eukiefferiella pseudomontana,2
2014061,Orthocladius,1
2014061,Orthocladius�lignicola,1
2014061,Parametriocnemus,5
2014061,Tvetenia paucunca,33
2015063,Corynoneura,5
2015063,Cricotopus bicinctus,3
2015063,Cricotopus/Orthocladius,2
2015063,Eukiefferiella pseudomontana,2
2015063,Parametriocnemus,1
2015063,Thienemanniella,1
2015063,Tvetenia,1
2015063,Tvetenia paucunca,7
2016038,Corynoneura,1
2016038,Cricotopus,1
2016038,Cricotopus/Orthocladius,4
2016038,Neozavrelia,8
2016038,Orthocladiinae,2
2016038,Orthocladius,1
2016038,Parachaetocladius,3
2016038,Parakiefferiella,1
2016038,Parametriocnemus,2
2016038,Thienemanniella,2
2016038,Tvetenia,3
2016038,Tvetenia paucunca,1
2013063,Cricotopus bicinctus,1
2013063,Cricotopus/Orthocladius,7
2013063,Eukiefferiella brehmi,2
2013063,Orthocladius dubitatus,2
2013063,Parachaetocladius,4
2013063,Parametriocnemus,4
2013063,Tvetenia vitracies,1
2014064,Corynoneura,9
2014064,Cricotopus bicinctus,2
2014064,Cricotopus/Orthocladius,4
2014064,Eukiefferiella brehmi,9
2014064,Eukiefferiella coerulescens,1
2014064,Eukiefferiella devonica,8
2014064,Eukiefferiella gracei,9
2014064,Nanocladius,3
2014064,Orthocladiinae,3
2014064,Orthocladius dubitatus,1
2014064,Parachaetocladius,5
2014064,Parametriocnemus,6
2014064,Rheocricotopus,3
2014064,Rheosmittia,1
2014064,Thienemanniella,1
2014064,Tvetenia,1
2014064,Tvetenia paucunca,33
2014064,Tvetenia vitracies,2
2015064,Corynoneura,1
2015064,Cricotopus bicinctus,1
2015064,Cricotopus/Orthocladius,1
2015064,Eukiefferiella brehmi,3
2015064,Eukiefferiella devonica,2
2015064,Parametriocnemus,2
2015064,Thienemanniella,2
2015064,Tvetenia,2
2015064,Tvetenia paucunca,1
2016039.A,Cricotopus,35
2016039.A,Cricotopus bicinctus,1
2016039.A,Nanocladius,5
2016039.A,Orthocladiinae,2
2016039.A,Orthocladius,5
2016039.A,Parachaetocladius,1
2016039.A,Paracricotopus,1
2016039.A,Parametriocnemus,7
2016039.A,Rheocricotopus,1
2016039.A,Stilocladius,4
2016039.A,Tvetenia,2
2016039.A,Tvetenia paucunca,4
2013064,Hexatoma,7
2014062,Hexatoma,7
2015066,Hexatoma,10
2016041,Hexatoma,2
2014063,Hexatoma,20
2015065,Hexatoma,3
2016040,Hexatoma,4
2014065,Hexatoma,1
2013065,Hexatoma,3
2014061,Hexatoma,3
2015063,Hexatoma,10
2014064,Hexatoma,3
2015063,Hemerodromiinae,3
2013064,Neostempellina reissi,5
2014062,Neostempellina reissi,1
2015066,Neostempellina reissi,9
2014063,Chironominae,8
2014063,Neostempellina reissi,25
2015065,Neostempellina reissi,3
2016040,Neostempellina reissi,7
2013061,Neostempellina reissi,4
2014065,Neostempellina reissi,12
2015067,Neostempellina reissi,6
2016042,Neostempellina reissi,2
2015063,Neostempellina reissi,2
2016038,Neostempellina reissi,4
2013063,Neostempellina reissi,7
2014064,Neostempellina reissi,53
2015064,Neostempellina reissi,11
2016039.A,Neostempellina reissi,6
2013064,Ceratopogoninae,3
2014062,Ceratopogoninae,2
2015066,Ceratopogoninae,2
2016041,Ceratopogoninae,4
2014063,Ceratopogoninae,1
2016040,Ceratopogoninae,1
2014065,Ceratopogoninae,2
2015067,Ceratopogoninae,2
2016042,Ceratopogoninae,9
2013065,Ceratopogoninae,1
2014061,Ceratopogoninae,1
2015063,Ceratopogoninae,1
2016038,Ceratopogoninae,7
2013063,Ceratopogoninae,1
2014064,Ceratopogoninae,3
2013064,Acerpenna macdunnoughi,1
2013064,Anchytarsus,1
2013064,Baetidae,1
2013064,Baetis flavistriga,1
2013064,Caecidotea,1
2013064,Ceratopsyche sparna,52
2013064,Ceratopsyche ventura,2
2013064,Cheumatopsyche,13
2013064,Chimarra aterrima,2
2013064,Cordulegaster,2
2013064,Dicranota,7
2013064,Dolophilodes distinctus,32
2013064,Enchytraeidae,2
2013064,Gomphidae,2
2013064,Habrophlebia vibrans,1
2013064,Hemerodromia,3
2013064,Hydropsyche,38
2013064,Hydropsyche betteni,99
2013064,Hydroptila,3
2013064,Isoperla,1
2013064,Lebertia,2
2013064,Lepidostoma,6
2013064,Leuctra,18
2013064,Lumbriculidae,1
2013064,Lype diversa,1
2013064,Maccaffertium,18
2013064,Nais,31
2013064,Neoplasta,1
2013064,Nigronia serricornis,8
2013064,Oulimnius latiusculus,6
2013064,Philopotamidae,6
2013064,Plauditus,2
2013064,Promoresia tardella,128
2013064,Rhyacophila,2
2013064,Rhyacophila acutiloba,9
2013064,Rhyacophila atrata,1
2013064,Rhyacophila carolina,3
2013064,Rhyacophila fuscula,1
2013064,Roederiodes,1
2013064,Simulium,3
2013064,Sperchonopsis,2
2013064,Sweltsa,2
2013064,Tipula,1
2013064,Torrenticola,1
2013064,Tubificinae,1
2014062,Acroneuria,5
2014062,Acroneuria carolinensis,2
2014062,Antocha,5
2014062,Baetis,1
2014062,Ceratopsyche morosa,3
2014062,Ceratopsyche sparna,20
2014062,Ceratopsyche ventura,5
2014062,Cheumatopsyche,3
2014062,Dicranota,11
2014062,Diplectrona,2
2014062,Dolophilodes distinctus,51
2014062,Elmidae,2
2014062,Eurylophella,2
2014062,Hydropsyche,30
2014062,Hydropsyche betteni,44
2014062,Lepidostoma,5
2014062,Leuctra,18
2014062,Maccaffertium,11
2014062,Nais,6
2014062,Nigronia serricornis,2
2014062,Oulimnius latiusculus,16
2014062,Paracapnia,16
2014062,Perlodidae,5
2014062,Promoresia tardella,76
2014062,Rhyacophila,21
2014062,Rhyacophila acutiloba,8
2014062,Rhyacophila atrata,2
2014062,Rhyacophila fuscula,2
2014062,Sialis,1
2014062,Simulium,10
2014062,Sperchonopsis,2
2014062,Stenelmis crenata,1
2014062,Sweltsa,18
2014062,Torrenticola,1
2014062,Tubificinae,1
2015066,Acerpenna macdunnoughi,2
2015066,Acroneuria,3
2015066,Acroneuria carolinensis,1
2015066,Antocha,3
2015066,Ceratopsyche sparna,2
2015066,Cheumatopsyche,1
2015066,Dicranota,2
2015066,Diplectrona,2
2015066,Dolophilodes distinctus,2
2015066,Enchytraeidae,3
2015066,Eurylophella funeralis,10
2015066,Gomphidae,1
2015066,Habrophlebia vibrans,2
2015066,Hemerodromia,5
2015066,Hydropsyche betteni,5
2015066,Hydroptila,22
2015066,Isoperla,1
2015066,Lebertia,1
2015066,Lepidostoma,10
2015066,Leuctra,6
2015066,Limnephilidae,1
2015066,Lumbriculidae,1
2015066,Maccaffertium,5
2015066,Nigronia serricornis,2
2015066,Oecetis,1
2015066,Oulimnius latiusculus,17
2015066,Paracapnia,14
2015066,Pisidiidae,1
2015066,Polycentropus,1
2015066,Promoresia tardella,37
2015066,Psilotreta labida,3
2015066,Rhyacophila atrata,1
2015066,Rhyacophila fuscula,1
2015066,Sialis,1
2015066,Sperchonopsis,2
2015066,Sweltsa,8
2015066,Taeniopteryx,1
2015066,Torrenticola,2
2016041,Acroneuria,3
2016041,Acroneuria carolinensis,3
2016041,Amphinemura,7
2016041,Antocha,1
2016041,Cheumatopsyche,7
2016041,Chimarra aterrima,2
2016041,Dicranota,3
2016041,Diphetor hageni,1
2016041,Diplectrona,2
2016041,Dolophilodes distinctus,7
2016041,Enchytraeidae,2
2016041,Epeorus,1
2016041,Eurylophella funeralis,3
2016041,Gomphidae,9
2016041,Habrophlebia vibrans,2
2016041,Helichus,1
2016041,Hemerodromia,3
2016041,Hydropsyche betteni,35
2016041,Hydroptila,1
2016041,Lebertia,2
2016041,Lepidostoma,8
2016041,Leptophlebiidae,3
2016041,Leuctra,10
2016041,Maccaffertium,5
2016041,Neoleptophlebia,4
2016041,Neophylax,1
2016041,Nigronia serricornis,3
2016041,Oulimnius latiusculus,26
2016041,Paracapnia,12
2016041,Promoresia tardella,30
2016041,Rhyacophila,7
2016041,Rhyacophila acutiloba,3
2016041,Rhyacophila minor,2
2016041,Simulium,2
2016041,Sperchon,1
2016041,Stenacron,1
2016041,Sweltsa,5
2016041,Torrenticola,1
2016041,Wandesia,1
2014063,Acroneuria abnormis,2
2014063,Allocapnia,5
2014063,Alloperla,1
2014063,Anchytarsus bicolor,2
2014063,Atherix,1
2014063,Baetis pluto,1
2014063,Ceratopsyche morosa,4
2014063,Ceratopsyche sparna,1
2014063,Cheumatopsyche,2
2014063,Chimarra aterrima,85
2014063,Chloroperlidae,1
2014063,Dicranota,26
2014063,Diplectrona,1
2014063,Dolophilodes distinctus,18
2014063,Eccoptura xanthenes,4
2014063,Elmidae,5
2014063,Epeorus,3
2014063,Eurylophella,1
2014063,Glossosoma,1
2014063,Hemerodromia,3
2014063,Isonychia bicolor,109
2014063,Leucrocuta,9
2014063,Leuctra,32
2014063,Limnophila,1
2014063,Lumbriculidae,4
2014063,Maccaffertium,39
2014063,Naididae,2
2014063,Nais,2
2014063,Nigronia serricornis,12
2014063,Optioservus ovalis,12
2014063,Oulimnius latiusculus,62
2014063,Paragnetina,1
2014063,Paragnetina immarginata,7
2014063,Paragnetina media,5
2014063,Paraleptophlebia,93
2014063,Perlodidae,7
2014063,Polycentropus,2
2014063,Promoresia tardella,11
2014063,Psephenus herricki,19
2014063,Rhyacophila,7
2014063,Rhyacophila acutiloba,1
2014063,Rhyacophila carolina,1
2014063,Rhyacophila minor,11
2014063,Sialis,15
2014063,Sperchon,2
2014063,Sperchonopsis,1
2014063,Stenelmis,12
2014063,Taeniopteryx,6
2014063,Tallaperla,1
2014063,Teloganopsis deficiens,13
2014063,Tipula,4
2014063,Tubificinae,4
2014063,Wiedemannia,1
2015065,Ceratopsyche sparna,3
2015065,Cheumatopsyche,1
2015065,Chimarra aterrima,27
2015065,Dicranota,4
2015065,Dolophilodes distinctus,4
2015065,Eccoptura xanthenes,2
2015065,Epeorus,6
2015065,Isonychia bicolor,44
2015065,Leucrocuta,22
2015065,Leuctra,10
2015065,Lumbriculidae,3
2015065,Maccaffertium,28
2015065,Maccaffertium modestum,1
2015065,Maccaffertium vicarium,2
2015065,Macronychus glabratus,1
2015065,Nais,1
2015065,Nigronia serricornis,14
2015065,Optioservus,1
2015065,Oulimnius latiusculus,22
2015065,Paracapnia,6
2015065,Paraleptophlebia,85
2015065,Perlidae,5
2015065,Perlodidae,3
2015065,Polycentropus,5
2015065,Promoresia tardella,1
2015065,Psephenus herricki,23
2015065,Rhyacophila,2
2015065,Rhyacophila minor,1
2015065,Sialis,2
2015065,Stenelmis,2
2015065,Sweltsa,2
2015065,Taeniopteryx,6
2015065,Teloganopsis deficiens,2
2015065,Trombidiformes,1
2016040,Acroneuria,1
2016040,Acroneuria arenosa,8
2016040,Anchytarsus bicolor,1
2016040,Atherix,2
2016040,Capniidae,4
2016040,Ceratopsyche sparna,1
2016040,Cheumatopsyche,6
2016040,Chimarra aterrima,30
2016040,Dicranota,17
2016040,Dolophilodes distinctus,8
2016040,Ectopria nervosa,2
2016040,Empididae,2
2016040,Epeorus vitreus,1
2016040,Eurylophella funeralis,9
2016040,Glossosoma,2
2016040,Gomphidae,2
2016040,Hemerodromia,4
2016040,Hydropsyche betteni,1
2016040,Isonychia bicolor,42
2016040,Lebertia,8
2016040,Lepidostoma,1
2016040,Leptophlebiidae,77
2016040,Leucrocuta,27
2016040,Leuctra,28
2016040,Maccaffertium,4
2016040,Maccaffertium modestum,2
2016040,Micrasema,2
2016040,Neoleptophlebia,35
2016040,Nigronia serricornis,11
2016040,Optioservus ovalis,7
2016040,Oulimnius latiusculus,43
2016040,Paracapnia,1
2016040,Paragnetina immarginata,3
2016040,Paragnetina media,2
2016040,Perlodidae,6
2016040,Plecoptera,6
2016040,Polycentropus,8
2016040,Promoresia tardella,13
2016040,Psephenus herricki,18
2016040,Psychomyiidae,4
2016040,Rhyacophila,5
2016040,Sialis,5
2016040,Simulium,3
2016040,Sperchon,4
2016040,Sperchonopsis,10
2016040,Stenelmis crenata,12
2016040,Taeniopteryx,112
2016040,Teloganopsis deficiens,21
2016040,Tipula,4
2016040,Torrenticola,1
2013061,Acerpenna,1
2013061,Acroneuria,1
2013061,Antocha,6
2013061,Atrichopogon,1
2013061,Baetis,74
2013061,Baetis pluto,13
2013061,Baetis tricaudatus,19
2013061,Calopterygidae,3
2013061,Ceratopsyche sparna,10
2013061,Cheumatopsyche,15
2013061,Chimarra aterrima,1
2013061,Dicranota,3
2013061,Diplectrona,9
2013061,Dolophilodes distinctus,2
2013061,Ectopria nervosa,3
2013061,Elmidae,13
2013061,Epeorus vitreus,2
2013061,Ephemerella,7
2013061,Eurylophella funeralis,2
2013061,Glossosoma,1
2013061,Gomphidae,1
2013061,Hemerodromia,3
2013061,Hyalella,3
2013061,Hydropsyche,236
2013061,Hydropsyche betteni,14
2013061,Isonychia bicolor,2
2013061,Isoperla,11
2013061,Lebertia,1
2013061,Leuctra,13
2013061,Lumbriculidae,10
2013061,Maccaffertium,98
2013061,Maccaffertium modestum,4
2013061,Micrasema,3
2013061,Neoplasta,5
2013061,Nigronia serricornis,5
2013061,Oecetis,1
2013061,Optioservus ovalis,7
2013061,Oulimnius latiusculus,57
2013061,Paraleptophlebia,55
2013061,Philopotamidae,1
2013061,Pisidiidae,3
2013061,Plecoptera,1
2013061,Promoresia tardella,22
2013061,Rhyacophila,12
2013061,Rhyacophila atrata,4
2013061,Rhyacophila fuscula,15
2013061,Rhyacophila minor,6
2013061,Simulium,79
2013061,Sperchonopsis,2
2013061,Stenelmis,1
2013061,Tallaperla,2
2013061,Testudacarus,2
2013061,Torrenticola,2
2014065,Acerpenna,11
2014065,Acroneuria abnormis,3
2014065,Agapetus,6
2014065,Antocha,7
2014065,Baetis,8
2014065,Baetis pluto,14
2014065,Boyeria,2
2014065,Calopteryx,2
2014065,Ceratopsyche sparna,5
2014065,Cheumatopsyche,61
2014065,Chimarra aterrima,1
2014065,Dasyhelea,1
2014065,Dicranota,7
2014065,Diplectrona,10
2014065,Dolophilodes distinctus,6
2014065,Elmidae,13
2014065,Epeorus,17
2014065,Ephemerella,60
2014065,Ephemerella aurivillii,1
2014065,Ephemerella subvaria,6
2014065,Glossosoma,7
2014065,Hemerodromia,7
2014065,Hyalella,2
2014065,Hydropsyche,19
2014065,Hydropsyche betteni,21
2014065,Isoperla,1
2014065,Lebertia,4
2014065,Lepidostoma,1
2014065,Leuctra,11
2014065,Limnephilidae,1
2014065,Limnophila,1
2014065,Lumbriculidae,15
2014065,Lype diversa,1
2014065,Maccaffertium,53
2014065,Maccaffertium pudicum,1
2014065,Micrasema,11
2014065,Naididae,2
2014065,Nais,3
2014065,Nais behningi,10
2014065,Neophylax,1
2014065,Nigronia serricornis,15
2014065,Oecetis,3
2014065,Optioservus ovalis,5
2014065,Oulimnius latiusculus,99
2014065,Paraleptophlebia,59
2014065,Perlidae,1
2014065,Perlodidae,32
2014065,Pisidiidae,6
2014065,Pisidium,1
2014065,Promoresia tardella,97
2014065,Psychomyia flavida,2
2014065,Rhyacophila,6
2014065,Rhyacophila atrata,2
2014065,Rhyacophila fuscula,8
2014065,Rhyacophila minor,5
2014065,Sialis,1
2014065,Simulium,9
2014065,Sperchonopsis,1
2014065,Taeniopteryx,4
2014065,Tallaperla,1
2014065,Teloganopsis deficiens,6
2014065,Torrenticola,5
2014065,Trombidiformes,3
2014065,Tubificinae,5
2015067,Acerpenna macdunnoughi,4
2015067,Agapetus,24
2015067,Anchytarsus bicolor,7
2015067,Antocha,8
2015067,Apatania,2
2015067,Baetis pluto,1
2015067,Boyeria vinosa,1
2015067,Calopteryx,1
2015067,Ceratopsyche sparna,3
2015067,Cheumatopsyche,60
2015067,Dicranota,2
2015067,Diplectrona,10
2015067,Dolophilodes distinctus,2
2015067,Epeorus,4
2015067,Ephemerella,35
2015067,Ephemerella subvaria,3
2015067,Eurylophella,4
2015067,Glossosoma,2
2015067,Goera,2
2015067,Hemerodromia,1
2015067,Hydropsyche betteni,17
2015067,Isoperla,2
2015067,Lebertia,1
2015067,Leuctra,3
2015067,Lumbriculidae,7
2015067,Lype diversa,2
2015067,Maccaffertium,46
2015067,Maccaffertium pudicum,9
2015067,Micrasema,8
2015067,Nais,2
2015067,Neophylax,5
2015067,Nigronia serricornis,15
2015067,Oecetis,2
2015067,Optioservus,9
2015067,Optioservus ovalis,1
2015067,Oulimnius latiusculus,103
2015067,Oxyethira,1
2015067,Paraleptophlebia,57
2015067,Perlidae,1
2015067,Perlodidae,3
2015067,Pisidiidae,4
2015067,Promoresia tardella,65
2015067,Pseudolimnophila,1
2015067,Rhyacophila,1
2015067,Rhyacophila acutiloba,1
2015067,Rhyacophila atrata,23
2015067,Rhyacophila fuscula,4
2015067,Rhyacophila minor,4
2015067,Simulium,2
2015067,Sperchonopsis,2
2015067,Stenelmis,1
2015067,Taeniopteryx,4
2015067,Tallaperla,1
2015067,Teloganopsis deficiens,5
2015067,Torrenticola,1
2015067,Tubificinae,1
2016042,Acerpenna macdunnoughi,20
2016042,Antocha,3
2016042,Boyeria vinosa,1
2016042,Calopteryx,1
2016042,Capniidae,2
2016042,Ceratopsyche sparna,5
2016042,Cheumatopsyche,16
2016042,Chimarra aterrima,1
2016042,Cordulegaster,2
2016042,Dicranota,8
2016042,Diplectrona,22
2016042,Dolophilodes distinctus,6
2016042,Empididae,1
2016042,Ephemerella,11
2016042,Eurylophella,7
2016042,Hemerodromia,1
2016042,Hydropsyche,14
2016042,Hydropsyche betteni,17
2016042,Isoperla,2
2016042,Lebertia,2
2016042,Lepidostoma,1
2016042,Leptophlebiidae,69
2016042,Leuctra,14
2016042,Limnephilidae,3
2016042,Lumbriculidae,2
2016042,Lype diversa,2
2016042,Maccaffertium,23
2016042,Maccaffertium modestum,2
2016042,Micrasema,9
2016042,Mystacides sepulchralis,1
2016042,Neoleptophlebia,26
2016042,Neophylax,2
2016042,Neoplasta,1
2016042,Nigronia serricornis,2
2016042,Oecetis,2
2016042,Oecetis persimilis,1
2016042,Optioservus ovalis,6
2016042,Oulimnius latiusculus,35
2016042,Oxyethira,4
2016042,Perlodidae,4
2016042,Pisidium,7
2016042,Polycentropus,1
2016042,Promoresia tardella,81
2016042,Protoptila,5
2016042,Psilotreta,1
2016042,Psychodidae,1
2016042,Rhyacophila,3
2016042,Rhyacophila carolina,1
2016042,Rhyacophila fuscula,5
2016042,Sialis,1
2016042,Simulium,8
2016042,Sperchonopsis,4
2016042,Stenelmis,3
2016042,Taeniopteryx,1
2016042,Tallaperla,4
2016042,Teloganopsis deficiens,21
2016042,Torrenticola,10
2016042,Tubificinae,1
2013065,Acentrella turbida,106
2013065,Aeshnidae,1
2013065,Allocapnia,1
2013065,Antocha,3
2013065,Baetidae,40
2013065,Baetis flavistriga,78
2013065,Baetis tricaudatus,184
2013065,Ceratopsyche bronta,2
2013065,Ceratopsyche morosa,59
2013065,Ceratopsyche slossonae,12
2013065,Ceratopsyche sparna,14
2013065,Cheumatopsyche,2
2013065,Diphetor hageni,3
2013065,Dolophilodes,3
2013065,Ephemerella,8
2013065,Glossosoma,2
2013065,Hydropsychidae,1
2013065,Isogenoides,8
2013065,Lepidostoma,22
2013065,Leuctra,2
2013065,Lumbriculidae,1
2013065,Maccaffertium,5
2013065,Maccaffertium vicarium,2
2013065,Nais,1
2013065,Neoplasta,3
2013065,Optioservus ovalis,10
2013065,Oulimnius latiusculus,9
2013065,Paragnetina,5
2013065,Paraleptophlebia,4
2013065,Plauditus,12
2013065,Plecoptera,1
2013065,Polycentropus,1
2013065,Procloeon,1
2013065,Rhagovelia,1
2013065,Rhithrogena,1
2013065,Simulium,18
2013065,Sperchon,3
2013065,Stenelmis crenata,3
2013065,Sweltsa,41
2013065,Tallaperla,1
2013065,Tipula,1
2014061,Acentrella turbida,52
2014061,Antocha,3
2014061,Apatania,1
2014061,Baetis,29
2014061,Baetis flavistriga,8
2014061,Baetis tricaudatus,85
2014061,Ceratopsyche bronta,1
2014061,Ceratopsyche morosa,352
2014061,Ceratopsyche slossonae,33
2014061,Ceratopsyche sparna,3
2014061,Cheumatopsyche,6
2014061,Chloroperlidae,2
2014061,Dicranota,1
2014061,Dolophilodes distinctus,57
2014061,Epeorus,91
2014061,Epeorus vitreus,1
2014061,Ephemerella,69
2014061,Glossosoma,43
2014061,Hemerodromia,1
2014061,Heptageniidae,1
2014061,Isogenoides,3
2014061,Isonychia,2
2014061,Lepidostoma,40
2014061,Leptophlebiidae,3
2014061,Leucrocuta,11
2014061,Lumbriculidae,16
2014061,Maccaffertium,4
2014061,Naididae,1
2014061,Nais,7
2014061,Optioservus ovalis,2
2014061,Oulimnius latiusculus,23
2014061,Paracapnia,1
2014061,Paragnetina immarginata,7
2014061,Paraleptophlebia,43
2014061,Perlodidae,85
2014061,Polycentropus,1
2014061,Psephenus herricki,9
2014061,Rhithrogena,143
2014061,Rhyacophila fuscula,4
2014061,Rhyacophila minor,2
2014061,Simulium,3
2014061,Sperchon,5
2014061,Sweltsa,24
2014061,Taeniopteryx,4
2014061,Tallaperla,1
2014061,Teloganopsis deficiens,3
2015063,Acentrella turbida,18
2015063,Acerpenna macdunnoughi,1
2015063,Alloperla,1
2015063,Antocha,2
2015063,Baetis flavistriga,1
2015063,Baetis tricaudatus,11
2015063,Ceratopsyche alhedra,6
2015063,Ceratopsyche bronta,3
2015063,Ceratopsyche morosa,243
2015063,Ceratopsyche slossonae,112
2015063,Ceratopsyche sparna,32
2015063,Cheumatopsyche,3
2015063,Chloroperlidae,5
2015063,Dicranota,17
2015063,Dolophilodes distinctus,59
2015063,Enchytraeidae,1
2015063,Epeorus,20
2015063,Ephemerella,56
2015063,Ephemerella subvaria,16
2015063,Glossosoma,5
2015063,Heptageniidae,2
2015063,Hydroptila,16
2015063,Hygrobates,1
2015063,Isogenoides,1
2015063,Isonychia bicolor,1
2015063,Lepidostoma,15
2015063,Leucrocuta,6
2015063,Leuctra,11
2015063,Lumbriculidae,6
2015063,Maccaffertium vicarium,1
2015063,Optioservus ovalis,7
2015063,Oreogeton,1
2015063,Oulimnius latiusculus,14
2015063,Paraleptophlebia,16
2015063,Perlodidae,65
2015063,Plauditus,1
2015063,Procloeon,1
2015063,Psephenus herricki,1
2015063,Rhithrogena,48
2015063,Rhyacophila fuscula,4
2015063,Rhyacophila minor,1
2015063,Sperchon,3
2015063,Sweltsa,63
2015063,Tallaperla,1
2015063,Teloganopsis deficiens,10
2015063,Torrenticola,1
2015063,Trombidiformes,1
2016038,Acentrella turbida,22
2016038,Acerpenna macdunnoughi,4
2016038,Alloperla,1
2016038,Antocha,5
2016038,Baetis tricaudatus,2
2016038,Ceratopsyche bronta,1
2016038,Ceratopsyche morosa,48
2016038,Ceratopsyche slossonae,34
2016038,Ceratopsyche sparna,5
2016038,Cheumatopsyche,1
2016038,Cordulegaster,1
2016038,Dicranota,6
2016038,Dixa,1
2016038,Dolichopodidae,1
2016038,Dolophilodes distinctus,6
2016038,Elmidae,4
2016038,Epeorus pleuralis,11
2016038,Epeorus vitreus,17
2016038,Ephemerella,86
2016038,Ephemerella subvaria,7
2016038,Eurylophella funeralis,4
2016038,Glossosoma,3
2016038,Gomphidae,1
2016038,Hemerodromia,1
2016038,Hydroptila,22
2016038,Isogenoides,1
2016038,Isonychia bicolor,1
2016038,Isoperla,75
2016038,Lepidostoma,96
2016038,Leptophlebiidae,45
2016038,Leucrocuta,14
2016038,Leuctra,2
2016038,Lumbriculidae,5
2016038,Maccaffertium vicarium,3
2016038,Naididae,1
2016038,Neoleptophlebia,13
2016038,Neophylax,1
2016038,Optioservus ovalis,10
2016038,Oulimnius latiusculus,15
2016038,Paracapnia,1
2016038,Paragnetina,1
2016038,Perlodidae,20
2016038,Plauditus,2
2016038,Psephenus herricki,2
2016038,Rhithrogena,4
2016038,Rhyacophila,6
2016038,Rhyacophila minor,1
2016038,Sperchon,6
2016038,Stenacron,1
2016038,Sweltsa,7
2016038,Taeniopteryx,1
2016038,Teloganopsis deficiens,12
2016038,Torrenticola,1
2013063,Acentrella turbida,1
2013063,Acroneuria,7
2013063,Acroneuria carolinensis,2
2013063,Atherix,1
2013063,Baetis,9
2013063,Baetis flavistriga,8
2013063,Baetis intercalaris,5
2013063,Baetis pluto,4
2013063,Boyeria vinosa,1
2013063,Caenis,1
2013063,Ceratopsyche alhedra,4
2013063,Ceratopsyche morosa,6
2013063,Ceratopsyche sparna,14
2013063,Cheumatopsyche,54
2013063,Chimarra aterrima,4
2013063,Dolophilodes distinctus,1
2013063,Ectopria nervosa,1
2013063,Epeorus vitreus,9
2013063,Eurylophella funeralis,1
2013063,Gomphidae,4
2013063,Hydropsyche betteni,1
2013063,Lepidostoma,29
2013063,Leucrocuta,10
2013063,Leuctra,6
2013063,Lumbriculidae,3
2013063,Maccaffertium,37
2013063,Maccaffertium vicarium,1
2013063,Naididae,2
2013063,Nais,1
2013063,Nigronia serricornis,3
2013063,Oulimnius latiusculus,3
2013063,Paragnetina,4
2013063,Paragnetina immarginata,7
2013063,Paragnetina media,1
2013063,Paraleptophlebia,21
2013063,Philopotamidae,1
2013063,Plauditus,1
2013063,Plecoptera,19
2013063,Polycentropus,2
2013063,Procloeon,1
2013063,Promoresia tardella,3
2013063,Psephenus herricki,50
2013063,Rhyacophila acutiloba,1
2013063,Rhyacophila minor,2
2013063,Sialis,2
2013063,Simulium,5
2013063,Sperchonopsis,1
2013063,Stenelmis crenata,2
2013063,Sweltsa,1
2013063,Tallaperla,4
2013063,Trombidiformes,2
2014064,Acroneuria,29
2014064,Acroneuria carolinensis,5
2014064,Alloperla,1
2014064,Antocha,5
2014064,Atherix,15
2014064,Baetis,36
2014064,Baetis flavistriga,15
2014064,Baetis intercalaris,3
2014064,Ceratopsyche alhedra,6
2014064,Ceratopsyche morosa,89
2014064,Ceratopsyche sparna,67
2014064,Cheumatopsyche,40
2014064,Chimarra aterrima,57
2014064,Cryptolabis,1
2014064,Dasyhelea,1
2014064,Dicranota,1
2014064,Diplectrona,4
2014064,Dolophilodes distinctus,97
2014064,Ectopria nervosa,1
2014064,Empididae,1
2014064,Epeorus,79
2014064,Ephemerella,6
2014064,Ephydridae,1
2014064,Glossosoma,7
2014064,Hemerodromia,1
2014064,Hydropsyche,20
2014064,Hydropsyche betteni,6
2014064,Hydropsychidae,1
2014064,Isonychia bicolor,4
2014064,Lanthus,1
2014064,Lebertia,2
2014064,Lepidostoma,50
2014064,Leucrocuta,5
2014064,Leuctra,14
2014064,Lumbriculidae,1
2014064,Maccaffertium ithaca,22
2014064,Micrasema,10
2014064,Nais,1
2014064,Neoplasta,1
2014064,Nigronia serricornis,9
2014064,Optioservus ovalis,1
2014064,Optioservus trivittatus,1
2014064,Oulimnius latiusculus,33
2014064,Paracapnia,1
2014064,Paragnetina immarginata,16
2014064,Paraleptophlebia,168
2014064,Perlodidae,19
2014064,Pisidiidae,2
2014064,Plauditus,1
2014064,Polycentropus,5
2014064,Pristina,1
2014064,Promoresia tardella,61
2014064,Psephenus herricki,15
2014064,Rhyacophila,3
2014064,Rhyacophila acutiloba,5
2014064,Rhyacophila carolina,1
2014064,Rhyacophila fuscula,4
2014064,Rhyacophila minor,2
2014064,Sialis,11
2014064,Simulium,7
2014064,Sperchon,2
2014064,Sperchonopsis,2
2014064,Stenelmis crenata,10
2014064,Sweltsa,2
2014064,Taeniopteryx,13
2014064,Tallaperla,1
2014064,Teloganopsis deficiens,17
2014064,Trombidiformes,1
2015064,Acroneuria,14
2015064,Acroneuria abnormis,1
2015064,Acroneuria carolinensis,6
2015064,Antocha,2
2015064,Apatania,1
2015064,Atherix,16
2015064,Baetis,3
2015064,Baetis flavistriga,3
2015064,Baetis intercalaris,11
2015064,Baetis pluto,2
2015064,Ceratopsyche morosa,13
2015064,Ceratopsyche slossonae,1
2015064,Ceratopsyche sparna,50
2015064,Cheumatopsyche,29
2015064,Chimarra aterrima,10
2015064,Dicranota,1
2015064,Dolophilodes distinctus,30
2015064,Ectopria nervosa,3
2015064,Epeorus,29
2015064,Ephemerella subvaria,3
2015064,Eurylophella funeralis,2
2015064,Glossosoma,18
2015064,Hemerodromia,1
2015064,Heptagenia,1
2015064,Hydropsyche,8
2015064,Hydropsyche betteni,3
2015064,Hydroptila,1
2015064,Isonychia bicolor,9
2015064,Lepidostoma,59
2015064,Leucrocuta,22
2015064,Leuctra,4
2015064,Lumbriculidae,1
2015064,Maccaffertium,5
2015064,Maccaffertium modestum,1
2015064,Maccaffertium vicarium,1
2015064,Micrasema,16
2015064,Nigronia serricornis,5
2015064,Ophiogomphus,1
2015064,Oulimnius latiusculus,13
2015064,Paragnetina,4
2015064,Paragnetina immarginata,5
2015064,Paragnetina media,1
2015064,Paraleptophlebia,155
2015064,Pisidium,1
2015064,Plauditus,1
2015064,Polycentropus,2
2015064,Promoresia tardella,26
2015064,Psephenus herricki,19
2015064,Pteronarcys biloba,1
2015064,Rhyacophila,2
2015064,Rhyacophila minor,1
2015064,Sialis,1
2015064,Simulium,1
2015064,Sperchon,1
2015064,Sperchonopsis,1
2015064,Stenelmis,8
2015064,Sweltsa,9
2015064,Taeniopteryx,2
2015064,Tallaperla,1
2015064,Teloganopsis deficiens,5
2016039.A,Acerpenna,1
2016039.A,Acroneuria,15
2016039.A,Acroneuria carolinensis,5
2016039.A,Atherix,68
2016039.A,Bezzia/Palpomyia,2
2016039.A,Ceratopsyche alhedra,4
2016039.A,Ceratopsyche morosa,12
2016039.A,Ceratopsyche sparna,9
2016039.A,Cheumatopsyche,12
2016039.A,Chimarra aterrima,44
2016039.A,Clathrosperchon americanus,2
2016039.A,Dasyhelea,2
2016039.A,Dicranota,5
2016039.A,Diphetor hageni,2
2016039.A,Diplectrona,6
2016039.A,Dolophilodes distinctus,26
2016039.A,Ectopria nervosa,6
2016039.A,Empididae,1
2016039.A,Epeorus vitreus,9
2016039.A,Eurylophella funeralis,28
2016039.A,Glossosoma,2
2016039.A,Gomphidae,2
2016039.A,Habrophlebia vibrans,6
2016039.A,Hydropsyche betteni,1
2016039.A,Hydroptila,3
2016039.A,Isonychia bicolor,17
2016039.A,Isoperla,2
2016039.A,Lebertia,3
2016039.A,Lepidostoma,45
2016039.A,Leptophlebiidae,112
2016039.A,Leucrocuta,17
2016039.A,Leuctra,7
2016039.A,Limnophila,1
2016039.A,Maccaffertium,1
2016039.A,Maccaffertium vicarium,1
2016039.A,Micrasema,11
2016039.A,Microvelia,1
2016039.A,Neoleptophlebia,79
2016039.A,Nigronia serricornis,6
2016039.A,Oecetis,1
2016039.A,Optioservus,1
2016039.A,Oulimnius latiusculus,13
2016039.A,Paracapnia,1
2016039.A,Paragnetina immarginata,7
2016039.A,Philopotamidae,2
2016039.A,Pisidiidae,3
2016039.A,Polycentropus,2
2016039.A,Promoresia tardella,65
2016039.A,Protzia,8
2016039.A,Psephenus herricki,21
2016039.A,Psychomyia flavida,2
2016039.A,Pteronarcys biloba,1
2016039.A,Rhyacophila,3
2016039.A,Sialis,10
2016039.A,Sperchon,12
2016039.A,Sperchonopsis,23
2016039.A,Stenelmis,4
2016039.A,Sweltsa,4
2016039.A,Taeniopteryx,119
2016039.A,Teloganopsis deficiens,34
2016039.A,Tipula,2
2016039.A,Torrenticola,3
2016039.A,Trombidiformes,3
2016039.A,Tubificinae,1
